workload	variant	rep	put	get	scan	del
plain	current_plain	1	0.355	0.217	0.008	0.355
plain	current_entries	1	0.384	0.194	0.006	0.333
plain	current_keys	1	0.373	0.195	0.006	0.324
plain	current_hash	1	0.405	0.191	0.007	0.362
plain	current_all	1	0.411	0.194	0.007	0.427
plain	current_plain	2	0.368	0.216	0.009	0.341
plain	current_entries	2	0.354	0.169	0.006	0.345
plain	current_keys	2	0.434	0.202	0.007	0.334
plain	current_hash	2	0.424	0.198	0.007	0.359
plain	current_all	2	0.424	0.203	0.008	0.424
plain	current_plain	3	0.358	0.188	0.007	0.322
plain	current_entries	3	0.359	0.213	0.007	0.381
plain	current_keys	3	0.421	0.220	0.006	0.332
plain	current_hash	3	0.416	0.186	0.007	0.382
plain	current_all	3	0.411	0.194	0.009	0.420
plain	current_plain	4	0.370	0.202	0.007	0.321
plain	current_entries	4	0.378	0.172	0.007	0.325
plain	current_keys	4	0.365	0.182	0.007	0.315
plain	current_hash	4	0.390	0.195	0.006	0.358
plain	current_all	4	0.407	0.203	0.006	0.357
plain	current_plain	5	0.314	0.199	0.006	0.327
plain	current_entries	5	0.411	0.182	0.006	0.320
plain	current_keys	5	0.358	0.196	0.007	0.337
plain	current_hash	5	0.403	0.213	0.008	0.380
plain	current_all	5	0.395	0.204	0.007	0.371
dup8	current_plain	1	0.355	0.059	0.027	0.122
dup8	current_entries	1	0.549	0.058	0.027	0.148
dup8	current_keys	1	0.520	0.058	0.026	0.147
dup8	current_hash	1	0.604	0.060	0.023	0.166
dup8	current_all	1	0.578	0.059	0.024	0.155
dup8	current_plain	2	0.361	0.053	0.027	0.121
dup8	current_entries	2	0.496	0.056	0.027	0.140
dup8	current_keys	2	0.509	0.068	0.026	0.153
dup8	current_hash	2	0.630	0.061	0.025	0.157
dup8	current_all	2	0.600	0.064	0.029	0.165
dup8	current_plain	3	0.378	0.057	0.026	0.131
dup8	current_entries	3	0.531	0.062	0.026	0.157
dup8	current_keys	3	0.537	0.061	0.026	0.141
dup8	current_hash	3	0.595	0.063	0.028	0.159
dup8	current_hash	3	0.618	0.065	0.025	0.157
dup8	current_all	3	0.612	0.065	0.031	0.169
dup8	current_plain	4	0.387	0.058	0.026	0.137
dup8	current_entries	4	0.526	0.075	0.035	0.162
dup8	current_keys	4	0.547	0.058	0.026	0.161
dup8	current_hash	4	0.640	0.103	0.033	0.171
dup8	current_all	4	0.703	0.083	0.029	0.170
dup8	current_plain	5	0.396	0.058	0.027	0.128
dup8	current_entries	5	0.520	0.059	0.027	0.147
dup8	current_keys	5	0.529	0.057	0.026	0.150
dup8	current_hash	5	0.581	0.064	0.026	0.169
dup8	current_all	5	0.603	0.065	0.027	0.171
