variant	dups	rep	keys	put	get	scan	del
current_plain	1	1	30000	0.015	0.009	0.000	0.009
current_all	1	1	30000	0.019	0.009	0.000	0.010
current_plain	2	1	30000	0.047	0.010	0.002	0.013
current_all	2	1	30000	0.049	0.011	0.001	0.017
current_plain	4	1	30000	0.064	0.013	0.005	0.020
current_all	4	1	30000	0.105	0.015	0.005	0.026
current_plain	8	1	30000	0.117	0.015	0.007	0.031
current_all	8	1	30000	0.188	0.017	0.007	0.039
current_plain	16	1	30000	0.273	0.023	0.015	0.042
current_all	16	1	30000	0.422	0.019	0.012	0.068
current_plain	32	1	30000	0.488	0.022	0.029	0.056
current_all	32	1	30000	1.040	0.022	0.028	0.071
current_plain	1	2	30000	0.012	0.007	0.000	0.007
current_all	1	2	30000	0.017	0.008	0.000	0.010
current_plain	2	2	30000	0.030	0.010	0.001	0.012
current_all	2	2	30000	0.046	0.010	0.001	0.015
current_plain	4	2	30000	0.056	0.012	0.004	0.017
current_all	4	2	30000	0.095	0.015	0.004	0.023
current_plain	8	2	30000	0.109	0.015	0.006	0.026
current_all	8	2	30000	0.188	0.044	0.010	0.051
current_plain	16	2	30000	0.254	0.019	0.012	0.048
current_all	16	2	30000	0.508	0.020	0.012	0.060
current_plain	32	2	30000	0.528	0.025	0.029	0.065
current_all	32	2	30000	1.072	0.023	0.027	0.072
current_plain	1	3	30000	0.012	0.008	0.000	0.007
current_all	1	3	30000	0.017	0.008	0.000	0.009
current_plain	2	3	30000	0.029	0.009	0.001	0.012
current_all	2	3	30000	0.042	0.013	0.002	0.020
current_plain	4	3	30000	0.064	0.013	0.005	0.019
current_all	4	3	30000	0.107	0.015	0.005	0.026
current_plain	8	3	30000	0.127	0.018	0.007	0.028
current_all	8	3	30000	0.205	0.017	0.007	0.039
current_plain	16	3	30000	0.227	0.018	0.013	0.046
current_all	16	3	30000	0.418	0.020	0.014	0.062
current_plain	32	3	30000	0.497	0.023	0.029	0.064
current_all	32	3	30000	1.295	0.028	0.033	0.118
