workload	hash	rep	put	get	scan	del
plain	8	1	0.293	0.066	0.005	0.126
plain	32	1	0.208	0.053	0.004	0.124
plain	64	1	0.178	0.049	0.004	0.150
plain	256	1	0.326	0.056	0.003	0.228
plain	8	2	0.154	0.052	0.004	0.125
plain	32	2	0.186	0.065	0.005	0.132
plain	64	2	0.230	0.058	0.005	0.147
plain	256	2	0.358	0.066	0.004	0.221
plain	8	3	0.155	0.059	0.004	0.137
plain	32	3	0.202	0.061	0.004	0.134
plain	64	3	0.192	0.056	0.005	0.135
plain	256	3	0.317	0.069	0.005	0.220
dup8	8	1	0.299	0.028	0.019	0.043
dup8	32	1	0.254	0.026	0.020	0.037
dup8	64	1	0.292	0.024	0.019	0.060
dup8	256	1	0.748	0.031	0.024	0.113
dup8	8	2	0.188	0.026	0.020	0.025
dup8	32	2	0.267	0.024	0.019	0.031
dup8	64	2	0.285	0.028	0.021	0.065
dup8	256	2	0.764	0.037	0.029	0.113
dup8	8	3	0.190	0.030	0.019	0.035
dup8	32	3	0.249	0.028	0.019	0.032
dup8	64	3	0.268	0.023	0.021	0.050
dup8	256	3	0.785	0.030	0.024	0.111
