workload	backend	rep	put	get	scan	del
plain	optimized	1	0.080	0.037	0.001	0.061
plain	generic	1	0.108	0.041	0.001	0.078
plain	optimized	2	0.079	0.037	0.001	0.066
plain	generic	2	0.116	0.040	0.002	0.082
plain	optimized	3	0.086	0.039	0.001	0.064
plain	generic	3	0.105	0.047	0.001	0.084
plain	optimized	4	0.091	0.038	0.001	0.065
plain	generic	4	0.108	0.043	0.001	0.101
plain	optimized	5	0.096	0.043	0.001	0.070
plain	generic	5	0.118	0.043	0.001	0.091
dup8	optimized	1	0.200	0.020	0.010	0.039
dup8	generic	1	0.292	0.021	0.014	0.066
dup8	optimized	2	0.215	0.022	0.009	0.043
dup8	generic	2	0.299	0.020	0.009	0.076
dup8	optimized	3	0.234	0.023	0.012	0.043
dup8	generic	3	0.288	0.021	0.010	0.060
dup8	optimized	4	0.214	0.016	0.007	0.039
dup8	generic	4	0.286	0.027	0.015	0.051
dup8	optimized	5	0.228	0.017	0.008	0.044
dup8	generic	5	0.303	0.018	0.007	0.057
