impl	mode	hash	status	signature_or_failure
aelmdb	query	8	PASS	26d341275a2e4957
aggmaint	query	8	PASS	26d341275a2e4957
aggmaint-v1	query	8	PASS	26d341275a2e4957
aelmdb	growth	8	PASS	6ecfc926a53ee827
aggmaint	growth	8	PASS	6ecfc926a53ee827
aggmaint-v1	growth	8	PASS	6ecfc926a53ee827
aelmdb	stress	8	PASS	d3b7771f48fa36c3
aggmaint	stress	8	PASS	d3b7771f48fa36c3
aggmaint-v1	stress	8	PASS	d3b7771f48fa36c3
aelmdb	query	32	PASS	0d47be1ce619f8bb
aggmaint	query	32	PASS	0d47be1ce619f8bb
aggmaint-v1	query	32	PASS	0d47be1ce619f8bb
aelmdb	growth	32	PASS	540f6ba1c866836f
aggmaint	growth	32	PASS	540f6ba1c866836f
aggmaint-v1	growth	32	PASS	540f6ba1c866836f
aelmdb	stress	32	PASS	5858bc4640074533
aggmaint	stress	32	PASS	5858bc4640074533
aggmaint-v1	stress	32	PASS	5858bc4640074533
aelmdb	query	64	PASS	3233d1fd306578bc
aggmaint	query	64	PASS	3233d1fd306578bc
aggmaint-v1	query	64	PASS	3233d1fd306578bc
aelmdb	growth	64	PASS	f5da5e88f40186a0
aggmaint	growth	64	PASS	f5da5e88f40186a0
aggmaint-v1	growth	64	PASS	f5da5e88f40186a0
aelmdb	stress	64	PASS	2a32d9134dfa8ae4
aggmaint	stress	64	PASS	2a32d9134dfa8ae4
aggmaint-v1	stress	64	PASS	2a32d9134dfa8ae4
aelmdb	query	256	PASS	ca6db240135d4d25
aggmaint	query	256	PASS	ca6db240135d4d25
aggmaint-v1	query	256	PASS	ca6db240135d4d25
aelmdb	growth	256	PASS	1ed7410988b35b65
aggmaint	growth	256	PASS	1ed7410988b35b65
aggmaint-v1	growth	256	PASS	1ed7410988b35b65
aelmdb	stress	256	PASS	41d336dfc68688a5
aggmaint	stress	256	PASS	41d336dfc68688a5
aggmaint-v1	stress	256	PASS	41d336dfc68688a5
